sample_id,file_name,content_type,Q_raw,G_valid,Q_corrected,Q_final,final_grade,semantic_final_grade
image_01,1.png,写实风景,59.91406897687721,0.7578861501343364,56.16759696815037,57.678182324986075,中等,中等
image_02,2.png,人物肖像,60.80802190880708,0.7141282650273395,56.46219822797552,58.200527700308136,中等,中等
image_03,3.png,艺术插画,44.82857484981589,0.640381078984231,40.798158816107865,42.410336740007736,较低,较低
image_04,4.png,动态街景,61.69092343574171,0.7479836961385171,57.769188870950764,59.3413781906943,中等,中等
image_05,5.jpg,写实风景,64.65712191831642,0.7956750620536701,60.45750989461676,62.22703934587288,中等,中等
image_06,6.jpg,人物插画,57.78637243246192,0.7501133634802434,53.37930760616606,55.22183896321834,中等,中等
image_07,7.jpg,水墨插画,55.67724670416663,0.7055625390727257,50.14339515012498,52.5004842483709,较低,较低
image_08,8.jpg,像素街景,56.43275139355664,0.6900582632990923,51.26486151447392,53.41153482967204,较低,较低
