sample_id,file_name,content_type,Q_final,absolute_quality_grade,relative_quality_tier,rank,key_strength,key_weakness
image_05,5.jpg,写实风景,62.22703934587288,中等,相对高,1,伪影抑制,视觉表达
image_04,4.png,动态街景,59.3413781906943,中等,相对高,2,伪影抑制,结构完整性
image_02,2.png,人物肖像,58.200527700308136,中等,相对中,3,伪影抑制,结构完整性
image_01,1.png,写实风景,57.678182324986075,中等,相对中,4,伪影抑制,视觉表达
image_06,6.jpg,人物插画,55.22183896321834,中等,相对中,5,伪影抑制,视觉表达
image_08,8.jpg,像素街景,53.41153482967204,较低,相对低,6,伪影抑制,语义结构完整性代理
image_07,7.jpg,水墨插画,52.5004842483709,较低,相对低,7,伪影抑制,视觉表达
image_03,3.png,艺术插画,42.410336740007736,较低,相对低,8,伪影抑制,结构完整性
