sample_id,file_name,content_type,Q_raw,content_relevance_validity,technical_validity,structure_logic_validity,modality_consistency_validity,expression_validity,G_valid,quantity_proxy_score,G_stack,risk_penalty,Q_corrected,Q_final,final_grade,absolute_quality_grade,rank,relative_quality_tier,key_strength,key_weakness
image_01,1.png,写实风景,59.91406897687721,0.8125,0.8652992452753783,0.6364444894105183,0.7465336514615699,0.5854239321415253,0.7578861501343364,0.30543081626885143,0.9260509692055362,0.1199655334496702,56.16759696815037,57.678182324986075,中等,中等,4,相对中,伪影抑制,视觉表达
image_02,2.png,人物肖像,60.80802190880708,0.7625000000000001,0.8131288206946119,0.4937385331061691,0.7988119037932596,0.6352656766346375,0.7141282650273395,0.23743369620968416,0.932124417323566,0.0,56.46219822797552,58.200527700308136,中等,中等,3,相对中,伪影抑制,结构完整性
image_03,3.png,艺术插画,44.82857484981589,0.625,0.7664973667930577,0.5259847533492832,0.6459210637087963,0.5917162705979047,0.640381078984231,0.5833333333333334,0.7902222960741347,0.00011510416666666666,40.798158816107865,42.410336740007736,较低,较低,8,相对低,伪影抑制,结构完整性
image_04,4.png,动态街景,61.69092343574171,0.7625000000000001,0.8221494361006444,0.6518404118016502,0.7807581737749014,0.6621452868679074,0.7479836961385171,0.5056581430295812,0.8725659037762239,0.0349549382716047,57.769188870950764,59.3413781906943,中等,中等,2,相对高,伪影抑制,结构完整性
image_05,5.jpg,写实风景,64.65712191831642,0.9000000000000001,0.863372041151669,0.6751494867410414,0.7203776090453051,0.6674551306074883,0.7956750620536701,0.9333333333333333,0.8092967245834255,0.8968464177625818,60.45750989461676,62.22703934587288,中等,中等,1,相对高,伪影抑制,视觉表达
image_06,6.jpg,人物插画,57.78637243246192,0.7625000000000001,0.8673086957106344,0.7196208125377945,0.6835574534164766,0.5807840903255437,0.7501133634802434,0.681930550577297,0.8295946683761735,0.7970542653393824,53.37930760616606,55.22183896321834,中等,中等,5,相对中,伪影抑制,视觉表达
image_07,7.jpg,水墨插画,55.67724670416663,0.625,0.8589750320725937,0.7314661356142396,0.6748376272922841,0.5579990983788676,0.7055625390727257,0.7055204362040688,0.792268354131771,1.4354847662925718,50.14339515012498,52.5004842483709,较低,较低,7,相对低,伪影抑制,视觉表达
image_08,8.jpg,像素街景,56.43275139355664,0.525,0.859866639908685,0.6915396145059465,0.7736606299874433,0.6323458592261519,0.6900582632990923,0.4867395483723809,0.8491390990564488,0.7951736356503428,51.26486151447392,53.41153482967204,较低,较低,6,相对低,伪影抑制,语义结构完整性代理
